<?xml version="1.0"?>
<ARBIFrameworkServerConfiguration>
	<MessageBrokerType>ZeroMQ</MessageBrokerType>
	<MessageBrokerProperty Center = "true">
		<Host>127.0.0.1</Host>
		<Port>61616</Port>
		<Name>TestServer</Name>
	</MessageBrokerProperty>
	<InteractionManagerStart>false</InteractionManagerStart>
	<InteractionManagerBrokerProperty>
		<StompBroker Available = "false">
			<Host>127.0.0.1</Host>
			<Port>61612</Port>
		</StompBroker>
		<ApolloBroker Available = "false">
			<Host>127.0.0.1</Host>
			<Port>61611</Port>
		</ApolloBroker>
		<ZeroMQBroker Available = "true">
			<Host>127.0.0.1</Host>
			<Port>61613</Port>
		</ZeroMQBroker>
		<SocketBroker Available = "false">
			<Host>127.0.0.1</Host>
			<Port>61614</Port>
		</SocketBroker>
	</InteractionManagerBrokerProperty>
	<ARBIFrameworkMonitorStart>false</ARBIFrameworkMonitorStart>
</ARBIFrameworkServerConfiguration>